-- MySQL dump 10.13  Distrib 8.0.15, for macos10.14 (x86_64)
--
-- Host: localhost    Database: FrayedFable
-- ------------------------------------------------------
-- Server version	8.0.15

/*!40101 SET @OLD_CHARACTER_SET_CLIENT=@@CHARACTER_SET_CLIENT */;
/*!40101 SET @OLD_CHARACTER_SET_RESULTS=@@CHARACTER_SET_RESULTS */;
/*!40101 SET @OLD_COLLATION_CONNECTION=@@COLLATION_CONNECTION */;
 SET NAMES utf8 ;
/*!40103 SET @OLD_TIME_ZONE=@@TIME_ZONE */;
/*!40103 SET TIME_ZONE='+00:00' */;
/*!40014 SET @OLD_UNIQUE_CHECKS=@@UNIQUE_CHECKS, UNIQUE_CHECKS=0 */;
/*!40014 SET @OLD_FOREIGN_KEY_CHECKS=@@FOREIGN_KEY_CHECKS, FOREIGN_KEY_CHECKS=0 */;
/*!40101 SET @OLD_SQL_MODE=@@SQL_MODE, SQL_MODE='NO_AUTO_VALUE_ON_ZERO' */;
/*!40111 SET @OLD_SQL_NOTES=@@SQL_NOTES, SQL_NOTES=0 */;

--
-- Table structure for table `Coordinates`
--

DROP TABLE IF EXISTS `Coordinates`;
/*!40101 SET @saved_cs_client     = @@character_set_client */;
 SET character_set_client = utf8mb4 ;
CREATE TABLE `Coordinates` (
  `CoordinateID` int(11) NOT NULL AUTO_INCREMENT,
  `Longitude` decimal(9,6) NOT NULL,
  `Latitude` decimal(9,6) NOT NULL,
  `EntityID` int(11) NOT NULL,
  `ModifDate` datetime NOT NULL,
  `CreatedDate` datetime NOT NULL,
  PRIMARY KEY (`CoordinateID`),
  KEY `EntityID` (`EntityID`),
  CONSTRAINT `Coordinates_ibfk_1` FOREIGN KEY (`EntityID`) REFERENCES `Entities` (`EntityID`)
) ENGINE=InnoDB AUTO_INCREMENT=36 DEFAULT CHARSET=utf8mb4 COLLATE=utf8mb4_0900_ai_ci;
/*!40101 SET character_set_client = @saved_cs_client */;

--
-- Dumping data for table `Coordinates`
--

LOCK TABLES `Coordinates` WRITE;
/*!40000 ALTER TABLE `Coordinates` DISABLE KEYS */;
INSERT INTO `Coordinates` VALUES (1,31.553019,-98.677365,1,'2019-10-14 05:24:49','2019-07-25 04:02:53'),(2,28.001077,-103.323244,2,'2019-10-14 05:24:49','2019-07-25 04:02:53'),(3,44.978401,-93.261221,3,'2019-07-25 04:02:54','2019-07-25 04:02:54'),(4,44.980671,-93.258024,4,'2019-07-25 04:02:54','2019-07-25 04:02:54'),(5,44.980276,-93.269646,5,'2019-07-25 04:02:54','2019-07-25 04:02:54'),(6,44.983725,-93.269954,6,'2019-07-25 04:02:54','2019-07-25 04:02:54'),(7,44.982663,-93.269357,7,'2019-07-25 04:02:54','2019-07-25 04:02:54'),(8,44.718301,-93.688290,13,'2019-07-25 04:02:54','2019-07-25 04:02:54'),(9,52.545421,-103.225584,1,'2019-07-28 17:43:22','2019-07-26 04:48:55'),(10,44.981860,-93.264020,14,'2019-07-30 06:02:09','2019-07-30 06:02:09'),(11,45.000000,-94.000000,15,'2019-09-01 23:24:24','2019-07-30 06:03:05'),(14,45.000000,-45.000000,15,'2019-10-08 18:00:33','2019-10-08 18:00:33'),(15,-122.406417,37.785834,5,'2019-10-08 18:14:01','2019-10-08 18:14:01'),(16,-122.406417,37.785834,5,'2019-10-08 18:17:27','2019-10-08 18:17:27'),(17,45.000000,-45.000000,15,'2019-10-08 18:20:53','2019-10-08 18:20:53'),(18,-122.406417,37.785834,5,'2019-10-09 13:44:00','2019-10-09 13:44:00'),(19,-93.906860,45.663258,5,'2019-10-09 14:33:03','2019-10-09 14:33:03'),(20,-93.906860,45.663258,5,'2019-10-09 14:37:13','2019-10-09 14:37:13'),(21,-93.906443,45.663483,5,'2019-10-09 15:04:28','2019-10-09 15:04:28'),(22,-93.906395,45.663269,5,'2019-10-09 15:31:42','2019-10-09 15:31:42'),(23,-93.906327,45.663422,2,'2019-10-09 15:55:33','2019-10-09 15:55:33'),(24,-93.906422,45.663391,15,'2019-10-09 16:17:04','2019-10-09 16:17:04'),(25,-93.906281,45.663422,7,'2019-10-09 16:17:57','2019-10-09 16:17:57'),(26,-93.906662,45.663391,6,'2019-10-09 16:51:54','2019-10-09 16:51:54'),(27,-93.906556,45.663452,3,'2019-10-09 16:52:47','2019-10-09 16:52:47'),(28,-93.263488,44.981995,1,'2019-10-13 02:58:17','2019-10-13 02:58:17'),(29,-93.263521,44.981934,13,'2019-10-13 03:57:22','2019-10-13 03:57:22'),(30,-93.906860,45.663258,4,'2019-10-13 06:30:18','2019-10-13 06:30:18'),(31,-93.263282,44.981873,4,'2019-10-13 06:37:31','2019-10-13 06:37:31'),(32,-93.263426,44.981995,5,'2019-10-13 06:41:32','2019-10-13 06:41:32'),(33,-93.263493,44.981995,6,'2019-10-13 06:47:47','2019-10-13 06:47:47'),(34,-93.263506,44.981995,2,'2019-10-15 00:57:34','2019-10-15 00:57:34'),(35,-93.263462,44.981964,7,'2019-10-15 00:58:36','2019-10-15 00:58:36');
/*!40000 ALTER TABLE `Coordinates` ENABLE KEYS */;
UNLOCK TABLES;

--
-- Table structure for table `Entities`
--

DROP TABLE IF EXISTS `Entities`;
/*!40101 SET @saved_cs_client     = @@character_set_client */;
 SET character_set_client = utf8mb4 ;
CREATE TABLE `Entities` (
  `EntityID` int(11) NOT NULL AUTO_INCREMENT,
  `EntityName` varchar(50) NOT NULL,
  `EntityTypeID` int(11) NOT NULL,
  `ModifDate` datetime DEFAULT NULL,
  `CreatedDate` datetime NOT NULL,
  PRIMARY KEY (`EntityID`),
  KEY `EntityTypeID` (`EntityTypeID`),
  CONSTRAINT `Entities_ibfk_1` FOREIGN KEY (`EntityTypeID`) REFERENCES `EntityType` (`EntityTypeID`)
) ENGINE=InnoDB AUTO_INCREMENT=16 DEFAULT CHARSET=utf8mb4 COLLATE=utf8mb4_0900_ai_ci;
/*!40101 SET character_set_client = @saved_cs_client */;

--
-- Dumping data for table `Entities`
--

LOCK TABLES `Entities` WRITE;
/*!40000 ALTER TABLE `Entities` DISABLE KEYS */;
INSERT INTO `Entities` VALUES (1,'Dragon',1,'2019-07-21 00:02:34','2019-07-21 00:02:34'),(2,'Goblin',1,'2019-07-21 00:07:52','2019-07-21 00:07:52'),(3,'Skeleton',1,'2019-07-21 00:09:43','2019-07-21 00:09:43'),(4,'Sword',2,'2019-07-21 00:09:43','2019-07-21 00:09:43'),(5,'Staff',2,'2019-07-21 00:09:43','2019-07-21 00:09:43'),(6,'Bow',2,'2019-07-21 00:09:43','2019-07-21 00:09:43'),(7,'General Store',3,'2019-07-21 00:09:43','2019-07-21 00:09:43'),(13,'Greg the Ogre',1,'2019-07-21 20:54:49','2019-07-21 20:54:49'),(14,'Potion',2,'2019-07-30 06:01:18','2019-07-30 06:01:18'),(15,'Jobi the Meatsack',1,'2019-07-30 06:02:39','2019-07-30 06:02:39');
/*!40000 ALTER TABLE `Entities` ENABLE KEYS */;
UNLOCK TABLES;

--
-- Table structure for table `EntityAttribute`
--

DROP TABLE IF EXISTS `EntityAttribute`;
/*!40101 SET @saved_cs_client     = @@character_set_client */;
 SET character_set_client = utf8mb4 ;
CREATE TABLE `EntityAttribute` (
  `EntityAttributeID` int(11) NOT NULL AUTO_INCREMENT,
  `EntityAttributeTypeID` int(11) NOT NULL,
  `KeyID` int(11) NOT NULL,
  `AttributeValue` varchar(50) NOT NULL,
  `ModifDate` datetime NOT NULL,
  `CreatedDate` datetime NOT NULL,
  PRIMARY KEY (`EntityAttributeID`),
  KEY `EntityAttributeTypeID` (`EntityAttributeTypeID`),
  KEY `EntityAttribute_ibfk_1` (`KeyID`),
  CONSTRAINT `EntityAttribute_ibfk_1` FOREIGN KEY (`KeyID`) REFERENCES `Entities` (`EntityID`),
  CONSTRAINT `EntityAttribute_ibfk_2` FOREIGN KEY (`EntityAttributeTypeID`) REFERENCES `EntityAttributeType` (`EntityAttributeTypeID`)
) ENGINE=InnoDB AUTO_INCREMENT=6 DEFAULT CHARSET=utf8mb4 COLLATE=utf8mb4_0900_ai_ci;
/*!40101 SET character_set_client = @saved_cs_client */;

--
-- Dumping data for table `EntityAttribute`
--

LOCK TABLES `EntityAttribute` WRITE;
/*!40000 ALTER TABLE `EntityAttribute` DISABLE KEYS */;
INSERT INTO `EntityAttribute` VALUES (2,1,1,'8','2019-07-24 06:49:08','2019-07-24 06:49:08'),(3,1,2,'3','2019-07-24 06:49:30','2019-07-24 06:49:30'),(4,2,1,'5','2019-10-14 05:24:49','2019-07-24 06:51:13'),(5,2,2,'258','2019-10-14 05:24:49','2019-07-24 06:51:13');
/*!40000 ALTER TABLE `EntityAttribute` ENABLE KEYS */;
UNLOCK TABLES;

--
-- Table structure for table `EntityAttributeType`
--

DROP TABLE IF EXISTS `EntityAttributeType`;
/*!40101 SET @saved_cs_client     = @@character_set_client */;
 SET character_set_client = utf8mb4 ;
CREATE TABLE `EntityAttributeType` (
  `EntityAttributeTypeID` int(11) NOT NULL AUTO_INCREMENT,
  `Name` varchar(50) NOT NULL,
  `Description` varchar(50) DEFAULT NULL,
  `ModifDate` datetime NOT NULL,
  `CreatedDate` datetime NOT NULL,
  PRIMARY KEY (`EntityAttributeTypeID`)
) ENGINE=InnoDB AUTO_INCREMENT=3 DEFAULT CHARSET=utf8mb4 COLLATE=utf8mb4_0900_ai_ci;
/*!40101 SET character_set_client = @saved_cs_client */;

--
-- Dumping data for table `EntityAttributeType`
--

LOCK TABLES `EntityAttributeType` WRITE;
/*!40000 ALTER TABLE `EntityAttributeType` DISABLE KEYS */;
INSERT INTO `EntityAttributeType` VALUES (1,'Distance','Wandering Monsters: MPH','2019-07-24 06:28:29','2019-07-24 06:28:29'),(2,'Direction','Wandering Monsters: Angle in Degress','2019-07-24 06:42:59','2019-07-24 06:42:59');
/*!40000 ALTER TABLE `EntityAttributeType` ENABLE KEYS */;
UNLOCK TABLES;

--
-- Table structure for table `EntityType`
--

DROP TABLE IF EXISTS `EntityType`;
/*!40101 SET @saved_cs_client     = @@character_set_client */;
 SET character_set_client = utf8mb4 ;
CREATE TABLE `EntityType` (
  `EntityTypeID` int(11) NOT NULL,
  `EntityTypeName` varchar(50) NOT NULL,
  `ModifDate` datetime DEFAULT NULL,
  `CreatedDate` datetime NOT NULL,
  PRIMARY KEY (`EntityTypeID`)
) ENGINE=InnoDB DEFAULT CHARSET=utf8mb4 COLLATE=utf8mb4_0900_ai_ci;
/*!40101 SET character_set_client = @saved_cs_client */;

--
-- Dumping data for table `EntityType`
--

LOCK TABLES `EntityType` WRITE;
/*!40000 ALTER TABLE `EntityType` DISABLE KEYS */;
INSERT INTO `EntityType` VALUES (1,'Item','2019-06-09 00:00:00','2019-06-09 00:00:00'),(2,'Quests','2019-06-23 00:00:00','2019-06-23 00:00:00'),(3,'Monsters','2019-06-23 00:00:00','2019-06-23 00:00:00');
/*!40000 ALTER TABLE `EntityType` ENABLE KEYS */;
UNLOCK TABLES;

--
-- Table structure for table `EntityTypes`
--

DROP TABLE IF EXISTS `EntityTypes`;
/*!40101 SET @saved_cs_client     = @@character_set_client */;
 SET character_set_client = utf8mb4 ;
CREATE TABLE `EntityTypes` (
  `EntityTypeID` int(11) NOT NULL AUTO_INCREMENT,
  `EntityTypeName` varchar(50) NOT NULL,
  `ModifDate` datetime DEFAULT NULL,
  `CreatedDate` datetime NOT NULL,
  PRIMARY KEY (`EntityTypeID`)
) ENGINE=InnoDB AUTO_INCREMENT=5 DEFAULT CHARSET=utf8mb4 COLLATE=utf8mb4_0900_ai_ci;
/*!40101 SET character_set_client = @saved_cs_client */;

--
-- Dumping data for table `EntityTypes`
--

LOCK TABLES `EntityTypes` WRITE;
/*!40000 ALTER TABLE `EntityTypes` DISABLE KEYS */;
INSERT INTO `EntityTypes` VALUES (1,'Monsters','2019-07-20 23:46:46','2019-07-20 23:46:46'),(2,'Items','2019-07-20 23:47:51','2019-07-20 23:47:51'),(3,'Stores','2019-07-20 23:54:24','2019-07-20 23:54:24'),(4,'Quests','2019-07-21 01:20:06','2019-07-21 01:20:06');
/*!40000 ALTER TABLE `EntityTypes` ENABLE KEYS */;
UNLOCK TABLES;

--
-- Table structure for table `NewCoord`
--

DROP TABLE IF EXISTS `NewCoord`;
/*!40101 SET @saved_cs_client     = @@character_set_client */;
 SET character_set_client = utf8mb4 ;
CREATE TABLE `NewCoord` (
  `CoordinateID` int(11) NOT NULL DEFAULT '0',
  `EntityID` int(11) NOT NULL DEFAULT '0',
  `EntityName` varchar(50) NOT NULL,
  `CurrentLong` decimal(9,6) NOT NULL,
  `CurrentLat` decimal(9,6) NOT NULL,
  `Direction` varchar(50) NOT NULL,
  `Distance` varchar(50) NOT NULL,
  `NewLong` double DEFAULT NULL,
  `NewLat` double DEFAULT NULL
) ENGINE=InnoDB DEFAULT CHARSET=utf8mb4 COLLATE=utf8mb4_0900_ai_ci;
/*!40101 SET character_set_client = @saved_cs_client */;

--
-- Dumping data for table `NewCoord`
--

LOCK TABLES `NewCoord` WRITE;
/*!40000 ALTER TABLE `NewCoord` DISABLE KEYS */;
INSERT INTO `NewCoord` VALUES (1,1,'Dragon',31.706447,-98.722751,'5','8',31.5530191160539,-98.67736505032589),(2,2,'Goblin',27.978299,-103.378752,'258','3',28.00107713760976,-103.32324383441123);
/*!40000 ALTER TABLE `NewCoord` ENABLE KEYS */;
UNLOCK TABLES;

--
-- Table structure for table `Settings`
--

DROP TABLE IF EXISTS `Settings`;
/*!40101 SET @saved_cs_client     = @@character_set_client */;
 SET character_set_client = utf8mb4 ;
CREATE TABLE `Settings` (
  `SettingsID` int(11) NOT NULL AUTO_INCREMENT,
  `Description` varchar(50) NOT NULL,
  `Value` varchar(50) NOT NULL,
  PRIMARY KEY (`SettingsID`)
) ENGINE=InnoDB AUTO_INCREMENT=2 DEFAULT CHARSET=utf8mb4 COLLATE=utf8mb4_0900_ai_ci;
/*!40101 SET character_set_client = @saved_cs_client */;

--
-- Dumping data for table `Settings`
--

LOCK TABLES `Settings` WRITE;
/*!40000 ALTER TABLE `Settings` DISABLE KEYS */;
INSERT INTO `Settings` VALUES (1,'Coordinate Radius for GET nearby entities','0.003');
/*!40000 ALTER TABLE `Settings` ENABLE KEYS */;
UNLOCK TABLES;

--
-- Table structure for table `WanderingLogging`
--

DROP TABLE IF EXISTS `WanderingLogging`;
/*!40101 SET @saved_cs_client     = @@character_set_client */;
 SET character_set_client = utf8mb4 ;
CREATE TABLE `WanderingLogging` (
  `WanderingLoggingID` int(11) NOT NULL AUTO_INCREMENT,
  `CoordinateID` int(11) NOT NULL,
  `EntityID` int(11) NOT NULL,
  `CurrentLong` varchar(50) NOT NULL,
  `CurrentLat` varchar(50) NOT NULL,
  `Direction` varchar(50) NOT NULL,
  `Distance` varchar(50) NOT NULL,
  `NewLong` varchar(50) NOT NULL,
  `NewLat` varchar(50) NOT NULL,
  `ModifDate` datetime DEFAULT NULL,
  `CreatedDate` datetime NOT NULL,
  PRIMARY KEY (`WanderingLoggingID`)
) ENGINE=InnoDB AUTO_INCREMENT=297 DEFAULT CHARSET=utf8mb4 COLLATE=utf8mb4_0900_ai_ci;
/*!40101 SET character_set_client = @saved_cs_client */;

--
-- Dumping data for table `WanderingLogging`
--

LOCK TABLES `WanderingLogging` WRITE;
/*!40000 ALTER TABLE `WanderingLogging` DISABLE KEYS */;
INSERT INTO `WanderingLogging` VALUES (1,1,1,'47.356103','-103.352123','5','8','47.202675116053896','-103.30673705032589','2019-07-29 23:37:57','2019-07-29 23:37:57'),(2,2,2,'26.856481','-107.821885','130','3','26.800674642988792','-107.84392247982727','2019-07-29 23:37:57','2019-07-29 23:37:57'),(4,1,1,'47.202675','-103.306737','5','8','47.0492471160539','-103.26135105032589','2019-07-29 23:38:34','2019-07-29 23:38:34'),(5,2,2,'26.800675','-107.843922','130','3','26.74486864298879','-107.86595947982728','2019-07-29 23:38:34','2019-07-29 23:38:34'),(7,1,1,'47.049247','-103.261351','5','8','46.8958191160539','-103.21596505032589','2019-07-29 23:39:03','2019-07-29 23:39:03'),(8,2,2,'26.744869','-107.865959','130','3','26.689062642988794','-107.88799647982728','2019-07-29 23:39:03','2019-07-29 23:39:03'),(10,1,1,'46.895819','-103.215965','5','8','46.7423911160539','-103.17057905032588','2019-07-29 23:39:06','2019-07-29 23:39:06'),(11,2,2,'26.689063','-107.887996','130','3','26.633256642988794','-107.91003347982728','2019-07-29 23:39:06','2019-07-29 23:39:06'),(13,1,1,'46.742391','-103.170579','5','8','46.5889631160539','-103.12519305032589','2019-07-30 00:07:15','2019-07-30 00:07:15'),(14,2,2,'26.633257','-107.910033','130','3','26.577450642988794','-107.93207047982727','2019-07-30 00:07:15','2019-07-30 00:07:15'),(16,1,1,'46.588963','-103.125193','5','8','46.4355351160539','-103.07980705032588','2019-07-30 00:37:15','2019-07-30 00:37:15'),(17,2,2,'26.577451','-107.932070','130','3','26.521644642988793','-107.95410747982727','2019-07-30 00:37:15','2019-07-30 00:37:15'),(19,1,1,'46.435535','-103.079807','5','8','46.2821071160539','-103.03442105032589','2019-07-30 00:49:41','2019-07-30 00:49:41'),(20,2,2,'26.521645','-107.954107','130','3','26.465838642988793','-107.97614447982727','2019-07-30 00:49:41','2019-07-30 00:49:41'),(22,1,1,'46.282107','-103.034421','5','8','46.1286791160539','-102.98903505032588','2019-07-30 00:49:48','2019-07-30 00:49:48'),(23,2,2,'26.465839','-107.976144','130','3','26.410032642988792','-107.99818147982728','2019-07-30 00:49:48','2019-07-30 00:49:48'),(25,1,1,'46.128679','-102.989035','5','8','45.9752511160539','-102.94364905032589','2019-07-30 00:49:57','2019-07-30 00:49:57'),(26,2,2,'26.410033','-107.998181','130','3','26.35422664298879','-108.02021847982728','2019-07-30 00:49:57','2019-07-30 00:49:57'),(28,1,1,'45.975251','-102.943649','5','8','45.8218231160539','-102.89826305032588','2019-07-30 01:07:16','2019-07-30 01:07:16'),(29,2,2,'26.354227','-108.020218','130','3','26.298420642988795','-108.04225547982728','2019-07-30 01:07:16','2019-07-30 01:07:16'),(31,1,1,'45.821823','-102.898263','5','8','45.6683951160539','-102.85287705032589','2019-07-30 01:22:15','2019-07-30 01:22:15'),(32,2,2,'26.298421','-108.042255','130','3','26.242614642988794','-108.06429247982727','2019-07-30 01:22:15','2019-07-30 01:22:15'),(34,1,1,'45.668395','-102.852877','5','8','45.514967116053896','-102.8074910503259','2019-07-30 01:37:16','2019-07-30 01:37:16'),(35,2,2,'26.242615','-108.064292','130','3','26.186808642988794','-108.08632947982727','2019-07-30 01:37:16','2019-07-30 01:37:16'),(37,1,1,'45.514967','-102.807491','5','8','45.3615391160539','-102.76210505032589','2019-07-30 02:33:08','2019-07-30 02:33:08'),(38,2,2,'26.186809','-108.086329','130','3','26.131002642988793','-108.10836647982728','2019-07-30 02:33:08','2019-07-30 02:33:08'),(40,1,1,'45.361539','-102.762105','5','8','45.2081111160539','-102.71671905032589','2019-07-30 03:03:08','2019-07-30 03:03:08'),(41,2,2,'26.131003','-108.108366','130','3','26.075196642988793','-108.13040347982728','2019-07-30 03:03:08','2019-07-30 03:03:08'),(42,1,1,'45.208111','-102.716719','5','8','45.0546831160539','-102.67133305032588','2019-07-30 06:27:59','2019-07-30 06:27:59'),(43,2,2,'26.075197','-108.130403','130','3','26.019390642988792','-108.15244047982728','2019-07-30 06:27:59','2019-07-30 06:27:59'),(45,1,1,'45.054683','-102.671333','5','8','44.901255116053896','-102.62594705032589','2019-07-30 06:57:59','2019-07-30 06:57:59'),(46,2,2,'26.019391','-108.152440','258','3','26.019391','-108.15244','2019-07-30 06:57:59','2019-07-30 06:57:59'),(47,2,2,'26.019391','-108.152440','121','3','26.019391','-108.15244','2019-07-30 06:57:59','2019-07-30 06:57:59'),(48,2,2,'26.019391','-108.152440','190','3','26.019391','-108.15244','2019-07-30 06:57:59','2019-07-30 06:57:59'),(49,2,2,'26.019391','-108.152440','227','3','26.019391','-108.15244','2019-07-30 06:57:59','2019-07-30 06:57:59'),(52,1,1,'44.901255','-102.625947','5','8','44.7478271160539','-102.58056105032588','2019-07-31 01:28:03','2019-07-31 01:28:03'),(53,2,2,'26.019391','-108.152440','258','3','26.042169137609758','-108.09693183441122','2019-07-31 01:28:03','2019-07-31 01:28:03'),(55,1,1,'44.747827','-102.580561','5','8','44.5943991160539','-102.53517505032589','2019-07-31 01:58:03','2019-07-31 01:58:03'),(56,2,2,'26.042169','-108.096932','258','3','26.06494713760976','-108.04142383441122','2019-07-31 01:58:03','2019-07-31 01:58:03'),(58,1,1,'44.594399','-102.535175','5','8','44.4409711160539','-102.48978905032588','2019-07-31 02:28:03','2019-07-31 02:28:03'),(59,2,2,'26.064947','-108.041424','258','3','26.08772513760976','-107.98591583441123','2019-07-31 02:28:03','2019-07-31 02:28:03'),(61,1,1,'44.440971','-102.489789','5','8','44.2875431160539','-102.44440305032589','2019-07-31 03:05:49','2019-07-31 03:05:49'),(62,2,2,'26.087725','-107.985916','258','3','26.110503137609758','-107.93040783441123','2019-07-31 03:05:49','2019-07-31 03:05:49'),(64,1,1,'44.287543','-102.444403','5','8','44.1341151160539','-102.39901705032588','2019-07-31 03:35:49','2019-07-31 03:35:49'),(65,2,2,'26.110503','-107.930408','258','3','26.13328113760976','-107.87489983441122','2019-07-31 03:35:49','2019-07-31 03:35:49'),(67,1,1,'44.134115','-102.399017','5','8','43.9806871160539','-102.35363105032589','2019-07-31 04:05:49','2019-07-31 04:05:49'),(68,2,2,'26.133281','-107.874900','258','3','26.15605913760976','-107.81939183441122','2019-07-31 04:05:49','2019-07-31 04:05:49'),(70,1,1,'43.980687','-102.353631','5','8','43.8272591160539','-102.30824505032588','2019-07-31 04:35:49','2019-07-31 04:35:49'),(71,2,2,'26.156059','-107.819392','258','3','26.178837137609758','-107.76388383441122','2019-07-31 04:35:49','2019-07-31 04:35:49'),(73,1,1,'43.827259','-102.308245','5','8','43.6738311160539','-102.26285905032589','2019-08-01 00:24:33','2019-08-01 00:24:33'),(74,2,2,'26.178837','-107.763884','258','3','26.20161513760976','-107.70837583441123','2019-08-01 00:24:33','2019-08-01 00:24:33'),(76,1,1,'43.673831','-102.262859','5','8','43.5204031160539','-102.21747305032589','2019-08-01 00:54:33','2019-08-01 00:54:33'),(77,2,2,'26.201615','-107.708376','258','3','26.22439313760976','-107.65286783441123','2019-08-01 00:54:33','2019-08-01 00:54:33'),(79,1,1,'43.520403','-102.217473','5','8','43.3669751160539','-102.17208705032589','2019-08-01 01:24:33','2019-08-01 01:24:33'),(80,2,2,'26.224393','-107.652868','258','3','26.247171137609758','-107.59735983441122','2019-08-01 01:24:33','2019-08-01 01:24:33'),(82,1,1,'43.366975','-102.172087','5','8','43.213547116053896','-102.12670105032589','2019-08-03 04:50:48','2019-08-03 04:50:48'),(83,2,2,'26.247171','-107.597360','258','3','26.26994913760976','-107.54185183441122','2019-08-03 04:50:48','2019-08-03 04:50:48'),(85,1,1,'43.213547','-102.126701','5','8','43.0601191160539','-102.08131505032588','2019-08-09 23:46:49','2019-08-09 23:46:49'),(86,2,2,'26.269949','-107.541852','258','3','26.29272713760976','-107.48634383441123','2019-08-09 23:46:49','2019-08-09 23:46:49'),(88,1,1,'43.060119','-102.081315','5','8','42.9066911160539','-102.03592905032589','2019-08-09 23:46:59','2019-08-09 23:46:59'),(89,2,2,'26.292727','-107.486344','258','3','26.315505137609758','-107.43083583441123','2019-08-09 23:46:59','2019-08-09 23:46:59'),(91,1,1,'42.906691','-102.035929','5','8','42.7532631160539','-101.99054305032588','2019-08-09 23:47:51','2019-08-09 23:47:51'),(92,2,2,'26.315505','-107.430836','258','3','26.33828313760976','-107.37532783441122','2019-08-09 23:47:51','2019-08-09 23:47:51'),(94,1,1,'42.753263','-101.990543','5','8','42.599835116053896','-101.94515705032589','2019-08-10 00:15:39','2019-08-10 00:15:39'),(95,2,2,'26.338283','-107.375328','258','3','26.36106113760976','-107.31981983441122','2019-08-10 00:15:39','2019-08-10 00:15:39'),(97,1,1,'42.599835','-101.945157','5','8','42.4464071160539','-101.89977105032588','2019-08-24 22:28:22','2019-08-24 22:28:22'),(98,2,2,'26.361061','-107.319820','258','3','26.38383913760976','-107.26431183441123','2019-08-24 22:28:22','2019-08-24 22:28:22'),(100,1,1,'42.446407','-101.899771','5','8','42.2929791160539','-101.85438505032589','2019-08-24 22:58:23','2019-08-24 22:58:23'),(101,2,2,'26.383839','-107.264312','258','3','26.406617137609757','-107.20880383441123','2019-08-24 22:58:23','2019-08-24 22:58:23'),(103,1,1,'42.292979','-101.854385','5','8','42.1395511160539','-101.80899905032588','2019-08-24 23:28:23','2019-08-24 23:28:23'),(104,2,2,'26.406617','-107.208804','258','3','26.42939513760976','-107.15329583441122','2019-08-24 23:28:23','2019-08-24 23:28:23'),(106,1,1,'42.139551','-101.808999','5','8','41.986123116053896','-101.76361305032589','2019-08-24 23:58:23','2019-08-24 23:58:23'),(107,2,2,'26.429395','-107.153296','258','3','26.45217313760976','-107.09778783441122','2019-08-24 23:58:23','2019-08-24 23:58:23'),(109,1,1,'41.986123','-101.763613','5','8','41.8326951160539','-101.7182270503259','2019-08-25 00:28:23','2019-08-25 00:28:23'),(110,2,2,'26.452173','-107.097788','258','3','26.474951137609757','-107.04227983441122','2019-08-25 00:28:23','2019-08-25 00:28:23'),(112,1,1,'41.832695','-101.718227','5','8','41.6792671160539','-101.67284105032589','2019-08-25 00:58:23','2019-08-25 00:58:23'),(113,2,2,'26.474951','-107.042280','258','3','26.49772913760976','-106.98677183441123','2019-08-25 00:58:23','2019-08-25 00:58:23'),(115,1,1,'41.679267','-101.672841','5','8','41.5258391160539','-101.62745505032589','2019-08-25 01:28:23','2019-08-25 01:28:23'),(116,2,2,'26.497729','-106.986772','258','3','26.52050713760976','-106.93126383441123','2019-08-25 01:28:23','2019-08-25 01:28:23'),(118,1,1,'41.525839','-101.627455','5','8','41.3724111160539','-101.58206905032588','2019-08-25 01:58:23','2019-08-25 01:58:23'),(119,2,2,'26.520507','-106.931264','258','3','26.543285137609757','-106.87575583441122','2019-08-25 01:58:23','2019-08-25 01:58:23'),(121,1,1,'41.372411','-101.582069','5','8','41.2189831160539','-101.53668305032589','2019-08-25 02:28:23','2019-08-25 02:28:23'),(122,2,2,'26.543285','-106.875756','258','3','26.56606313760976','-106.82024783441122','2019-08-25 02:28:23','2019-08-25 02:28:23'),(124,1,1,'41.218983','-101.536683','5','8','41.0655551160539','-101.49129705032588','2019-08-25 02:58:23','2019-08-25 02:58:23'),(125,2,2,'26.566063','-106.820248','258','3','26.58884113760976','-106.76473983441123','2019-08-25 02:58:23','2019-08-25 02:58:23'),(127,1,1,'41.065555','-101.491297','5','8','40.9121271160539','-101.44591105032589','2019-08-25 03:28:23','2019-08-25 03:28:23'),(128,2,2,'26.588841','-106.764740','258','3','26.611619137609758','-106.70923183441123','2019-08-25 03:28:23','2019-08-25 03:28:23'),(129,1,1,'40.912127','-101.445911','5','8','40.7586991160539','-101.40052505032588','2019-08-25 07:15:58','2019-08-25 07:15:58'),(130,2,2,'26.611619','-106.709232','258','3','26.63439713760976','-106.65372383441122','2019-08-25 07:15:58','2019-08-25 07:15:58'),(132,1,1,'40.758699','-101.400525','5','8','40.6052711160539','-101.35513905032589','2019-08-25 07:45:58','2019-08-25 07:45:58'),(133,2,2,'26.634397','-106.653724','258','3','26.65717513760976','-106.59821583441122','2019-08-25 07:45:58','2019-08-25 07:45:58'),(135,1,1,'40.605271','-101.355139','5','8','40.4518431160539','-101.30975305032588','2019-08-25 08:15:58','2019-08-25 08:15:58'),(136,2,2,'26.657175','-106.598216','258','3','26.679953137609758','-106.54270783441122','2019-08-25 08:15:58','2019-08-25 08:15:58'),(138,1,1,'40.451843','-101.309753','5','8','40.298415116053896','-101.26436705032589','2019-08-25 08:45:58','2019-08-25 08:45:58'),(139,2,2,'26.679953','-106.542708','258','3','26.70273113760976','-106.48719983441123','2019-08-25 08:45:58','2019-08-25 08:45:58'),(141,1,1,'40.298415','-101.264367','5','8','40.1449871160539','-101.21898105032588','2019-08-25 09:15:58','2019-08-25 09:15:58'),(142,2,2,'26.702731','-106.487200','258','3','26.72550913760976','-106.43169183441123','2019-08-25 09:15:58','2019-08-25 09:15:58'),(144,1,1,'40.144987','-101.218981','5','8','39.9915591160539','-101.17359505032589','2019-08-25 09:45:58','2019-08-25 09:45:58'),(145,2,2,'26.725509','-106.431692','258','3','26.748287137609758','-106.37618383441122','2019-08-25 09:45:58','2019-08-25 09:45:58'),(147,1,1,'39.991559','-101.173595','5','8','39.8381311160539','-101.12820905032589','2019-08-25 10:15:58','2019-08-25 10:15:58'),(148,2,2,'26.748287','-106.376184','258','3','26.77106513760976','-106.32067583441122','2019-08-25 10:15:58','2019-08-25 10:15:58'),(150,1,1,'39.838131','-101.128209','5','8','39.684703116053896','-101.08282305032589','2019-08-25 10:45:58','2019-08-25 10:45:58'),(151,2,2,'26.771065','-106.320676','258','3','26.79384313760976','-106.26516783441123','2019-08-25 10:45:58','2019-08-25 10:45:58'),(153,1,1,'39.684703','-101.082823','5','8','39.5312751160539','-101.03743705032589','2019-08-25 11:15:58','2019-08-25 11:15:58'),(154,2,2,'26.793843','-106.265168','258','3','26.816621137609758','-106.20965983441123','2019-08-25 11:15:58','2019-08-25 11:15:58'),(156,1,1,'39.531275','-101.037437','5','8','39.3778471160539','-100.99205105032588','2019-08-25 11:45:58','2019-08-25 11:45:58'),(157,2,2,'26.816621','-106.209660','258','3','26.83939913760976','-106.15415183441122','2019-08-25 11:45:58','2019-08-25 11:45:58'),(159,1,1,'39.377847','-100.992051','5','8','39.2244191160539','-100.94666505032589','2019-08-25 12:15:59','2019-08-25 12:15:59'),(160,2,2,'26.839399','-106.154152','258','3','26.86217713760976','-106.09864383441122','2019-08-25 12:15:59','2019-08-25 12:15:59'),(162,1,1,'39.224419','-100.946665','5','8','39.0709911160539','-100.90127905032588','2019-08-25 12:45:59','2019-08-25 12:45:59'),(163,2,2,'26.862177','-106.098644','258','3','26.884955137609758','-106.04313583441122','2019-08-25 12:45:59','2019-08-25 12:45:59'),(165,1,1,'39.070991','-100.901279','5','8','38.9175631160539','-100.85589305032589','2019-08-25 13:15:59','2019-08-25 13:15:59'),(166,2,2,'26.884955','-106.043136','258','3','26.90773313760976','-105.98762783441123','2019-08-25 13:15:59','2019-08-25 13:15:59'),(168,1,1,'38.917563','-100.855893','5','8','38.7641351160539','-100.81050705032588','2019-08-25 13:45:59','2019-08-25 13:45:59'),(169,2,2,'26.907733','-105.987628','258','3','26.93051113760976','-105.93211983441122','2019-08-25 13:45:59','2019-08-25 13:45:59'),(171,1,1,'38.764135','-100.810507','5','8','38.6107071160539','-100.76512105032589','2019-08-25 14:15:59','2019-08-25 14:15:59'),(172,2,2,'26.930511','-105.932120','258','3','26.953289137609758','-105.87661183441122','2019-08-25 14:15:59','2019-08-25 14:15:59'),(174,1,1,'38.610707','-100.765121','5','8','38.4572791160539','-100.71973505032588','2019-08-25 14:45:59','2019-08-25 14:45:59'),(175,2,2,'26.953289','-105.876612','258','3','26.97606713760976','-105.82110383441122','2019-08-25 14:45:59','2019-08-25 14:45:59'),(177,1,1,'38.457279','-100.719735','5','8','38.3038511160539','-100.67434905032589','2019-08-25 15:15:59','2019-08-25 15:15:59'),(178,2,2,'26.976067','-105.821104','258','3','26.99884513760976','-105.76559583441123','2019-08-25 15:15:59','2019-08-25 15:15:59'),(180,1,1,'38.303851','-100.674349','5','8','38.1504231160539','-100.6289630503259','2019-08-25 15:45:59','2019-08-25 15:45:59'),(181,2,2,'26.998845','-105.765596','258','3','27.021623137609758','-105.71008783441123','2019-08-25 15:45:59','2019-08-25 15:45:59'),(183,1,1,'38.150423','-100.628963','5','8','37.9969951160539','-100.58357705032589','2019-08-25 16:15:59','2019-08-25 16:15:59'),(184,2,2,'27.021623','-105.710088','258','3','27.04440113760976','-105.65457983441122','2019-08-25 16:15:59','2019-08-25 16:15:59'),(186,1,1,'37.996995','-100.583577','5','8','37.8435671160539','-100.53819105032589','2019-08-25 16:45:59','2019-08-25 16:45:59'),(187,2,2,'27.044401','-105.654580','258','3','27.06717913760976','-105.59907183441122','2019-08-25 16:45:59','2019-08-25 16:45:59'),(189,1,1,'37.843567','-100.538191','5','8','37.6901391160539','-100.49280505032588','2019-08-25 17:15:59','2019-08-25 17:15:59'),(190,2,2,'27.067179','-105.599072','258','3','27.08995713760976','-105.54356383441123','2019-08-25 17:15:59','2019-08-25 17:15:59'),(192,1,1,'37.690139','-100.492805','5','8','37.5367111160539','-100.44741905032589','2019-08-25 17:46:00','2019-08-25 17:46:00'),(193,2,2,'27.089957','-105.543564','258','3','27.112735137609757','-105.48805583441123','2019-08-25 17:46:00','2019-08-25 17:46:00'),(195,1,1,'37.536711','-100.447419','5','8','37.383283116053896','-100.40203305032588','2019-08-25 18:16:00','2019-08-25 18:16:00'),(196,2,2,'27.112735','-105.488056','258','3','27.13551313760976','-105.43254783441122','2019-08-25 18:16:00','2019-08-25 18:16:00'),(198,1,1,'37.383283','-100.402033','5','8','37.2298551160539','-100.35664705032589','2019-08-25 18:46:00','2019-08-25 18:46:00'),(199,2,2,'27.135513','-105.432548','258','3','27.15829113760976','-105.37703983441122','2019-08-25 18:46:00','2019-08-25 18:46:00'),(201,1,1,'37.229855','-100.356647','5','8','37.0764271160539','-100.31126105032588','2019-08-25 19:16:00','2019-08-25 19:16:00'),(202,2,2,'27.158291','-105.377040','258','3','27.181069137609757','-105.32153183441122','2019-08-25 19:16:00','2019-08-25 19:16:00'),(204,1,1,'37.076427','-100.311261','5','8','36.9229991160539','-100.26587505032589','2019-08-25 19:46:00','2019-08-25 19:46:00'),(205,2,2,'27.181069','-105.321532','258','3','27.20384713760976','-105.26602383441123','2019-08-25 19:46:00','2019-08-25 19:46:00'),(207,1,1,'36.922999','-100.265875','5','8','36.769571116053896','-100.22048905032588','2019-08-25 20:16:00','2019-08-25 20:16:00'),(208,2,2,'27.203847','-105.266024','258','3','27.22662513760976','-105.21051583441123','2019-08-25 20:16:00','2019-08-25 20:16:00'),(210,1,1,'36.769571','-100.220489','5','8','36.6161431160539','-100.17510305032589','2019-08-25 20:46:00','2019-08-25 20:46:00'),(211,2,2,'27.226625','-105.210516','258','3','27.249403137609757','-105.15500783441122','2019-08-25 20:46:00','2019-08-25 20:46:00'),(213,1,1,'36.616143','-100.175103','5','8','36.4627151160539','-100.12971705032588','2019-08-25 21:16:00','2019-08-25 21:16:00'),(214,2,2,'27.249403','-105.155008','258','3','27.27218113760976','-105.09949983441122','2019-08-25 21:16:00','2019-08-25 21:16:00'),(216,1,1,'36.462715','-100.129717','5','8','36.3092871160539','-100.08433105032589','2019-08-25 21:46:00','2019-08-25 21:46:00'),(217,2,2,'27.272181','-105.099500','258','3','27.29495913760976','-105.04399183441123','2019-08-25 21:46:00','2019-08-25 21:46:00'),(219,1,1,'36.309287','-100.084331','5','8','36.1558591160539','-100.03894505032589','2019-08-25 22:16:00','2019-08-25 22:16:00'),(220,2,2,'27.294959','-105.043992','258','3','27.317737137609758','-104.98848383441123','2019-08-25 22:16:00','2019-08-25 22:16:00'),(222,1,1,'36.155859','-100.038945','5','8','36.0024311160539','-99.99355905032589','2019-08-25 22:46:00','2019-08-25 22:46:00'),(223,2,2,'27.317737','-104.988484','258','3','27.34051513760976','-104.93297583441122','2019-08-25 22:46:00','2019-08-25 22:46:00'),(225,1,1,'36.002431','-99.993559','5','8','35.8490031160539','-99.94817305032589','2019-08-25 23:16:00','2019-08-25 23:16:00'),(226,2,2,'27.340515','-104.932976','258','3','27.36329313760976','-104.87746783441122','2019-08-25 23:16:00','2019-08-25 23:16:00'),(228,1,1,'35.849003','-99.948173','5','8','35.6955751160539','-99.90278705032588','2019-08-25 23:46:01','2019-08-25 23:46:01'),(229,2,2,'27.363293','-104.877468','258','3','27.386071137609758','-104.82195983441122','2019-08-25 23:46:01','2019-08-25 23:46:01'),(231,1,1,'35.695575','-99.902787','5','8','35.5421471160539','-99.85740105032589','2019-08-26 00:16:01','2019-08-26 00:16:01'),(232,2,2,'27.386071','-104.821960','258','3','27.40884913760976','-104.76645183441123','2019-08-26 00:16:01','2019-08-26 00:16:01'),(234,1,1,'35.542147','-99.857401','5','8','35.3887191160539','-99.81201505032588','2019-08-26 00:46:01','2019-08-26 00:46:01'),(235,2,2,'27.408849','-104.766452','258','3','27.43162713760976','-104.71094383441122','2019-08-26 00:46:01','2019-08-26 00:46:01'),(236,1,1,'35.388719','-99.812015','5','8','35.2352911160539','-99.76662905032589','2019-08-26 03:17:51','2019-08-26 03:17:51'),(237,2,2,'27.431627','-104.710944','258','3','27.454405137609758','-104.65543583441122','2019-08-26 03:17:51','2019-08-26 03:17:51'),(238,1,1,'35.235291','-99.766629','5','8','35.081863116053896','-99.72124305032588','2019-08-27 04:19:52','2019-08-27 04:19:52'),(239,2,2,'27.454405','-104.655436','258','3','27.47718313760976','-104.59992783441122','2019-08-27 04:19:52','2019-08-27 04:19:52'),(240,1,1,'35.081863','-99.721243','5','8','34.9284351160539','-99.67585705032589','2019-09-02 00:28:46','2019-09-02 00:28:46'),(241,2,2,'27.477183','-104.599928','258','3','27.49996113760976','-104.54441983441123','2019-09-02 00:28:46','2019-09-02 00:28:46'),(243,1,1,'34.928435','-99.675857','5','8','34.7750071160539','-99.63047105032588','2019-09-02 02:41:43','2019-09-02 02:41:43'),(244,2,2,'27.499961','-104.544420','258','3','27.522739137609758','-104.48891183441123','2019-09-02 02:41:43','2019-09-02 02:41:43'),(246,1,1,'34.775007','-99.630471','5','8','34.6215791160539','-99.58508505032589','2019-09-02 08:05:25','2019-09-02 08:05:25'),(247,2,2,'27.522739','-104.488912','258','3','27.54551713760976','-104.43340383441122','2019-09-02 08:05:25','2019-09-02 08:05:25'),(248,1,1,'34.621579','-99.585085','5','8','34.468151116053896','-99.5396990503259','2019-09-12 02:02:09','2019-09-12 02:02:09'),(249,2,2,'27.545517','-104.433404','258','3','27.56829513760976','-104.37789583441122','2019-09-12 02:02:09','2019-09-12 02:02:09'),(250,1,1,'34.468151','-99.539699','5','8','34.3147231160539','-99.49431305032589','2019-09-12 06:27:13','2019-09-12 06:27:13'),(251,2,2,'27.568295','-104.377896','258','3','27.591073137609758','-104.32238783441123','2019-09-12 06:27:13','2019-09-12 06:27:13'),(252,1,1,'34.314723','-99.494313','5','8','34.1612951160539','-99.44892705032589','2019-09-19 02:06:57','2019-09-19 02:06:57'),(253,2,2,'27.591073','-104.322388','258','3','27.61385113760976','-104.26687983441123','2019-09-19 02:06:57','2019-09-19 02:06:57'),(255,1,1,'34.161295','-99.448927','5','8','34.0078671160539','-99.40354105032588','2019-09-19 03:31:30','2019-09-19 03:31:30'),(256,2,2,'27.613851','-104.266880','258','3','27.63662913760976','-104.21137183441122','2019-09-19 03:31:30','2019-09-19 03:31:30'),(257,1,1,'34.007867','-99.403541','5','8','33.854439116053896','-99.35815505032589','2019-09-19 05:23:00','2019-09-19 05:23:00'),(258,2,2,'27.636629','-104.211372','258','3','27.659407137609758','-104.15586383441122','2019-09-19 05:23:00','2019-09-19 05:23:00'),(260,1,1,'33.854439','-99.358155','5','8','33.7010111160539','-99.31276905032588','2019-09-22 23:21:49','2019-09-22 23:21:49'),(261,2,2,'27.659407','-104.155864','258','3','27.68218513760976','-104.10035583441122','2019-09-22 23:21:49','2019-09-22 23:21:49'),(262,1,1,'33.701011','-99.312769','5','8','33.5475831160539','-99.26738305032589','2019-09-23 05:41:08','2019-09-23 05:41:08'),(263,2,2,'27.682185','-104.100356','258','3','27.70496313760976','-104.04484783441123','2019-09-23 05:41:08','2019-09-23 05:41:08'),(265,1,1,'33.547583','-99.267383','5','8','33.3941551160539','-99.22199705032588','2019-09-25 03:59:29','2019-09-25 03:59:29'),(266,2,2,'27.704963','-104.044848','258','3','27.72774113760976','-103.98933983441123','2019-09-25 03:59:29','2019-09-25 03:59:29'),(268,1,1,'33.394155','-99.221997','5','8','33.2407271160539','-99.17661105032589','2019-10-08 05:09:03','2019-10-08 05:09:03'),(269,2,2,'27.727741','-103.989340','258','3','27.75051913760976','-103.93383183441122','2019-10-08 05:09:03','2019-10-08 05:09:03'),(270,1,1,'33.240727','-99.176611','5','8','33.0872991160539','-99.13122505032588','2019-10-08 18:12:42','2019-10-08 18:12:42'),(271,2,2,'27.750519','-103.933832','258','3','27.77329713760976','-103.87832383441122','2019-10-08 18:12:42','2019-10-08 18:12:42'),(273,1,1,'33.087299','-99.131225','5','8','32.9338711160539','-99.08583905032589','2019-10-08 19:13:57','2019-10-08 19:13:57'),(274,2,2,'27.773297','-103.878324','258','3','27.79607513760976','-103.82281583441123','2019-10-08 19:13:57','2019-10-08 19:13:57'),(276,1,1,'32.933871','-99.085839','5','8','32.7804431160539','-99.0404530503259','2019-10-09 14:43:40','2019-10-09 14:43:40'),(277,2,2,'27.796075','-103.822816','258','3','27.818853137609757','-103.76730783441123','2019-10-09 14:43:40','2019-10-09 14:43:40'),(279,1,1,'32.780443','-99.040453','5','8','32.6270151160539','-98.99506705032589','2019-10-09 15:44:06','2019-10-09 15:44:06'),(280,2,2,'27.818853','-103.767308','258','3','27.84163113760976','-103.71179983441122','2019-10-09 15:44:06','2019-10-09 15:44:06'),(282,1,1,'32.627015','-98.995067','5','8','32.4735871160539','-98.94968105032589','2019-10-09 16:45:37','2019-10-09 16:45:37'),(283,2,2,'27.841631','-103.711800','258','3','27.86440913760976','-103.65629183441122','2019-10-09 16:45:37','2019-10-09 16:45:37'),(285,1,1,'32.473587','-98.949681','5','8','32.3201591160539','-98.90429505032589','2019-10-09 17:51:02','2019-10-09 17:51:02'),(286,2,2,'27.864409','-103.656292','258','3','27.887187137609757','-103.60078383441122','2019-10-09 17:51:02','2019-10-09 17:51:02'),(287,1,1,'32.320159','-98.904295','5','8','32.166731116053896','-98.85890905032589','2019-10-13 03:53:13','2019-10-13 03:53:13'),(288,2,2,'27.887187','-103.600784','258','3','27.90996513760976','-103.54527583441123','2019-10-13 03:53:13','2019-10-13 03:53:13'),(289,1,1,'32.166731','-98.858909','5','8','32.0133031160539','-98.81352305032588','2019-10-13 04:55:52','2019-10-13 04:55:52'),(290,2,2,'27.909965','-103.545276','258','3','27.93274313760976','-103.48976783441123','2019-10-13 04:55:52','2019-10-13 04:55:52'),(291,1,1,'32.013303','-98.813523','5','8','31.8598751160539','-98.76813705032589','2019-10-13 06:55:33','2019-10-13 06:55:33'),(292,2,2,'27.932743','-103.489768','258','3','27.955521137609757','-103.43425983441122','2019-10-13 06:55:33','2019-10-13 06:55:33'),(293,1,1,'31.859875','-98.768137','5','8','31.706447116053898','-98.72275105032588','2019-10-13 08:04:13','2019-10-13 08:04:13'),(294,2,2,'27.955521','-103.434260','258','3','27.97829913760976','-103.37875183441122','2019-10-13 08:04:13','2019-10-13 08:04:13'),(295,1,1,'31.706447','-98.722751','5','8','31.5530191160539','-98.67736505032589','2019-10-14 05:24:49','2019-10-14 05:24:49'),(296,2,2,'27.978299','-103.378752','258','3','28.00107713760976','-103.32324383441123','2019-10-14 05:24:49','2019-10-14 05:24:49');
/*!40000 ALTER TABLE `WanderingLogging` ENABLE KEYS */;
UNLOCK TABLES;

--
-- Dumping routines for database 'FrayedFable'
--
/*!50003 DROP PROCEDURE IF EXISTS `CoordinateCRUD` */;
/*!50003 SET @saved_cs_client      = @@character_set_client */ ;
/*!50003 SET @saved_cs_results     = @@character_set_results */ ;
/*!50003 SET @saved_col_connection = @@collation_connection */ ;
/*!50003 SET character_set_client  = utf8mb4 */ ;
/*!50003 SET character_set_results = utf8mb4 */ ;
/*!50003 SET collation_connection  = utf8mb4_0900_ai_ci */ ;
/*!50003 SET @saved_sql_mode       = @@sql_mode */ ;
/*!50003 SET sql_mode              = 'ONLY_FULL_GROUP_BY,STRICT_TRANS_TABLES,NO_ZERO_IN_DATE,NO_ZERO_DATE,ERROR_FOR_DIVISION_BY_ZERO,NO_ENGINE_SUBSTITUTION' */ ;
DELIMITER ;;
CREATE DEFINER=`root`@`localhost` PROCEDURE `CoordinateCRUD`(
IN $CoordinateID int
, IN $long decimal (9,6)
, IN $lat decimal (9,6) 
, IN $EntityID int
, IN $CRUD varchar(1)
)
BEGIN
	IF $CRUD = 'C' AND $Long IS NOT NULL AND $Lat IS NOT NULL AND $EntityID IS NOT NULL THEN
	BEGIN
		INSERT INTO Coordinates (Longitude, Latitude, EntityID, ModifDate, CreatedDate)
        VALUES ($long, $lat, $EntityID, NOW(), NOW());
        SELECT 'Created' as CRUD;
	END;
	ELSEIF $CRUD = 'R' THEN
	BEGIN
		SELECT c.CoordinateID, c.Longitude, c.Latitude, e.EntityID, e.EntityName, et.EntityTypeName, ea.AttributeValue, eat.Name, eat.Description, 'READ' as CRUD
		FROM Coordinates c
		JOIN Entities e ON c.EntityID = e.EntityID
		JOIN EntityTypes et ON e.EntityTypeID = et.EntityTypeID
		LEFT JOIN EntityAttribute ea ON ea.KeyID = c.CoordinateID
		LEFT JOIN EntityAttributeType eat ON ea.EntityAttributeTypeID = eat.EntityAttributeTypeID
        WHERE (c.CoordinateID = $CoordinateID OR $CoordinateID IS NULL)
        AND (c.Longitude = $long OR $long IS NULL)
        AND (c.Latitude = $lat OR $lat IS NULL)
        AND (c.EntityID = $EntityID OR $EntityID IS NULL)
		ORDER BY et.EntityTypeID, e.EntityID, eat.EntityAttributeTypeID, ea.EntityAttributeID;
    END;
    ELSEIF $CRUD = 'U' AND $CoordinateID IS NOT NULL AND $Long IS NOT NULL AND $Lat IS NOT NULL AND $EntityID IS NOT NULL THEN
	BEGIN
		UPDATE Coordinates 
        SET Longitude = $long, Latitude = $lat, EntityID = $EntityID, ModifDate = NOW()
        WHERE CoordinateID = $CoordinateID;
        SELECT 'Updated' as CRUD;
    END;
    ELSEIF $CRUD = 'D' AND $CoordinateID IS NOT NULL THEN 
    BEGIN
		DELETE FROM Coordinates WHERE CoordinateID = $CoordinateID;
        SELECT 'Deleted' as CRUD;
    END;
    ELSE 
    BEGIN
		SELECT 'Implicit CRUD' as CRUD;
    END;
	END IF;
END ;;
DELIMITER ;
/*!50003 SET sql_mode              = @saved_sql_mode */ ;
/*!50003 SET character_set_client  = @saved_cs_client */ ;
/*!50003 SET character_set_results = @saved_cs_results */ ;
/*!50003 SET collation_connection  = @saved_col_connection */ ;
/*!50003 DROP PROCEDURE IF EXISTS `Coordinates` */;
/*!50003 SET @saved_cs_client      = @@character_set_client */ ;
/*!50003 SET @saved_cs_results     = @@character_set_results */ ;
/*!50003 SET @saved_col_connection = @@collation_connection */ ;
/*!50003 SET character_set_client  = utf8mb4 */ ;
/*!50003 SET character_set_results = utf8mb4 */ ;
/*!50003 SET collation_connection  = utf8mb4_0900_ai_ci */ ;
/*!50003 SET @saved_sql_mode       = @@sql_mode */ ;
/*!50003 SET sql_mode              = 'ONLY_FULL_GROUP_BY,STRICT_TRANS_TABLES,NO_ZERO_IN_DATE,NO_ZERO_DATE,ERROR_FOR_DIVISION_BY_ZERO,NO_ENGINE_SUBSTITUTION' */ ;
DELIMITER ;;
CREATE DEFINER=`root`@`localhost` PROCEDURE `Coordinates`(
	IN Latitude DECIMAL,
	IN Longitude DECIMAL
 )
BEGIN
 SELECT et.EntityTypeName, e.EntityName, c.Latitude, c.Longitude
 FROM Coordinates c
 JOIN Entity e ON c.EntityID = e.EntityID
 JOIN EntityType et ON e.EntityTypeID = et.EntityTypeID
 JOIN Settings s ON 1 = 1 #Coordinate Radius
 WHERE (c.Latitude BETWEEN Latitude + s.Value AND Latitude - s.Value)
 AND (c.Longitude BETWEEN Longitude + s.Value AND Longitude - s.Value);
 END ;;
DELIMITER ;
/*!50003 SET sql_mode              = @saved_sql_mode */ ;
/*!50003 SET character_set_client  = @saved_cs_client */ ;
/*!50003 SET character_set_results = @saved_cs_results */ ;
/*!50003 SET collation_connection  = @saved_col_connection */ ;
/*!50003 DROP PROCEDURE IF EXISTS `CoordinatesGetCloseEntities` */;
/*!50003 SET @saved_cs_client      = @@character_set_client */ ;
/*!50003 SET @saved_cs_results     = @@character_set_results */ ;
/*!50003 SET @saved_col_connection = @@collation_connection */ ;
/*!50003 SET character_set_client  = utf8mb4 */ ;
/*!50003 SET character_set_results = utf8mb4 */ ;
/*!50003 SET collation_connection  = utf8mb4_0900_ai_ci */ ;
/*!50003 SET @saved_sql_mode       = @@sql_mode */ ;
/*!50003 SET sql_mode              = 'ONLY_FULL_GROUP_BY,STRICT_TRANS_TABLES,NO_ZERO_IN_DATE,NO_ZERO_DATE,ERROR_FOR_DIVISION_BY_ZERO,NO_ENGINE_SUBSTITUTION' */ ;
DELIMITER ;;
CREATE DEFINER=`root`@`localhost` PROCEDURE `CoordinatesGetCloseEntities`(
	IN Lon decimal(9,6),
	IN Lat decimal(9,6)
 )
BEGIN
 SELECT c.CoordinateID, e.EntityID, et.EntityTypeName, e.EntityName, c.Latitude, c.Longitude, ea.AttributeValue, eat.Name, eat.Description
 FROM Coordinates c
 JOIN Entities e ON c.EntityID = e.EntityID
 JOIN EntityTypes et ON e.EntityTypeID = et.EntityTypeID
 JOIN Settings s ON s.Description = 'Coordinate Radius for GET nearby entities'
 LEFT JOIN EntityAttribute ea ON ea.KeyID = c.CoordinateID
 LEFT JOIN EntityAttributeType eat ON ea.EntityAttributeTypeID = eat.EntityAttributeTypeID
WHERE (Lon <= (c.Longitude + CAST(s.Value as DECIMAL(9,6))) #Below top
	AND (Lon >= (c.Longitude - CAST(s.Value as DECIMAL(9,6))))) #Above Bottom
AND (Lat <= (c.Latitude + CAST(s.Value as DECIMAL(9,6))) #To the left of
	AND (Lat >= (c.Latitude - CAST(s.Value as DECIMAL(9,6))))); #To the right of
  END ;;
DELIMITER ;
/*!50003 SET sql_mode              = @saved_sql_mode */ ;
/*!50003 SET character_set_client  = @saved_cs_client */ ;
/*!50003 SET character_set_results = @saved_cs_results */ ;
/*!50003 SET collation_connection  = @saved_col_connection */ ;
/*!50003 DROP PROCEDURE IF EXISTS `CoordinatesUpdMovingEntities` */;
/*!50003 SET @saved_cs_client      = @@character_set_client */ ;
/*!50003 SET @saved_cs_results     = @@character_set_results */ ;
/*!50003 SET @saved_col_connection = @@collation_connection */ ;
/*!50003 SET character_set_client  = utf8 */ ;
/*!50003 SET character_set_results = utf8 */ ;
/*!50003 SET collation_connection  = utf8_general_ci */ ;
/*!50003 SET @saved_sql_mode       = @@sql_mode */ ;
/*!50003 SET sql_mode              = 'ONLY_FULL_GROUP_BY,STRICT_TRANS_TABLES,NO_ZERO_IN_DATE,NO_ZERO_DATE,ERROR_FOR_DIVISION_BY_ZERO,NO_ENGINE_SUBSTITUTION' */ ;
DELIMITER ;;
CREATE DEFINER=`root`@`localhost` PROCEDURE `CoordinatesUpdMovingEntities`()
BEGIN
 

 #Create New table for tracking info. Drop it first if it exists.
DROP TABLE IF EXISTS NewCoord;

#Moving Monsters
 CREATE TABLE NewCoord AS
 SELECT c.CoordinateID, e.EntityID, e.EntityName,  c.Longitude as 'CurrentLong', c.Latitude as 'CurrentLat', eaDirection.AttributeValue as 'Direction', eaDistance.AttributeValue as 'Distance'
 , c.Longitude + ((1 / (50 / eaDistance.AttributeValue)) * sin(eaDirection.AttributeValue)) as 'NewLong'
 , c.Latitude + ((1 / (50 / eaDistance.AttributeValue)) * cos(eaDirection.AttributeValue)) as 'NewLat'
FROM Coordinates c 
JOIN Entities e ON c.EntityID = e.EntityID
JOIN EntityTypes et ON e.EntityTypeID = e.EntityTypeID
JOIN EntityAttribute eaDirection ON eaDirection.KeyID = c.CoordinateID
JOIN EntityAttribute eaDistance ON  eaDistance.KeyID = c.CoordinateID
JOIN EntityAttributeType eatDirection ON eatDirection.Name = 'Direction' AND eaDirection.EntityAttributeTypeID = eatDirection.EntityAttributeTypeID
JOIN EntityAttributeType eatDistance ON eatDistance.Name = 'Distance' AND eaDistance.EntityAttributeTypeID = eatDistance.EntityAttributeTypeID
WHERE et.EntityTypeName = 'Monsters'
 AND (((c.Longitude + ((1 / (50 / eaDistance.AttributeValue)) * sin(eaDirection.AttributeValue))) < 50) AND ((c.Longitude + ((1 / (50 / eaDistance.AttributeValue)) * sin(eaDirection.AttributeValue))) > 26))
 AND (((c.Latitude + ((1 / (50 / eaDistance.AttributeValue)) * cos(eaDirection.AttributeValue))) > -125) AND ((c.Latitude + ((1 / (50 / eaDistance.AttributeValue)) * cos(eaDirection.AttributeValue))) < -67));

#Changing Direction
INSERT INTO NewCoord
 SELECT c.CoordinateID
, e.EntityID
 , e.EntityName
 ,  c.Longitude as 'CurrentLong'
 , c.Latitude as 'CurrentLat'
 ,  FLOOR(RAND()*(360-1+1))+1 as 'Direction'
 , eaDistance.AttributeValue as 'Distance'
 , c.Longitude as 'NewLong'
 , c.Latitude as 'NewLat'
FROM Coordinates c 
LEFT JOIN NewCoord nc ON c.CoordinateID = nc.CoordinateID
JOIN Entities e ON c.EntityID = e.EntityID
JOIN EntityTypes et ON e.EntityTypeID = e.EntityTypeID
JOIN EntityAttribute eaDirection ON eaDirection.KeyID = c.CoordinateID
JOIN EntityAttribute eaDistance ON  eaDistance.KeyID = c.CoordinateID
JOIN EntityAttributeType eatDirection ON eatDirection.Name = 'Direction' AND eaDirection.EntityAttributeTypeID = eatDirection.EntityAttributeTypeID
JOIN EntityAttributeType eatDistance ON eatDistance.Name = 'Distance' AND eaDistance.EntityAttributeTypeID = eatDistance.EntityAttributeTypeID
WHERE nc.CoordinateID IS NULL; 
 
UPDATE Coordinates c
JOIN NewCoord nc ON c.CoordinateID = nc.CoordinateID
SET c.Longitude = nc.NewLong, c.Latitude = nc.NewLat, c.ModifDate = NOW();

UPDATE EntityAttribute ea
JOIN NewCoord nc ON ea.EntityAttributeTypeID = 2 AND ea.KeyID = nc.CoordinateID
SET ea.AttributeValue = nc.Direction, ea.ModifDate = NOW();

INSERT INTO WanderingLogging (CoordinateID, EntityID, CurrentLong, CurrentLat, Direction, Distance, NewLong, NewLat, ModifDate, CreatedDate)
SELECT DISTINCT CoordinateID, EntityID, CurrentLong, CurrentLat, Direction, Distance, NewLong, NewLat, NOW(), NOW()
FROM NewCoord;

 END ;;
DELIMITER ;
/*!50003 SET sql_mode              = @saved_sql_mode */ ;
/*!50003 SET character_set_client  = @saved_cs_client */ ;
/*!50003 SET character_set_results = @saved_cs_results */ ;
/*!50003 SET collation_connection  = @saved_col_connection */ ;
/*!50003 DROP PROCEDURE IF EXISTS `EntityAttributeCRUD` */;
/*!50003 SET @saved_cs_client      = @@character_set_client */ ;
/*!50003 SET @saved_cs_results     = @@character_set_results */ ;
/*!50003 SET @saved_col_connection = @@collation_connection */ ;
/*!50003 SET character_set_client  = utf8 */ ;
/*!50003 SET character_set_results = utf8 */ ;
/*!50003 SET collation_connection  = utf8_general_ci */ ;
/*!50003 SET @saved_sql_mode       = @@sql_mode */ ;
/*!50003 SET sql_mode              = 'ONLY_FULL_GROUP_BY,STRICT_TRANS_TABLES,NO_ZERO_IN_DATE,NO_ZERO_DATE,ERROR_FOR_DIVISION_BY_ZERO,NO_ENGINE_SUBSTITUTION' */ ;
DELIMITER ;;
CREATE DEFINER=`root`@`localhost` PROCEDURE `EntityAttributeCRUD`(
IN $EntityAttributeID int
, IN $EntityAttributeTypeID int
, IN $KeyID int
, IN $AttributeValue varchar(50)
, IN $CRUD varchar(1)
)
BEGIN
	IF $CRUD = 'C' AND $EntityAttributeTypeID IS NOT NULL AND $Key IS NOT NULL AND $AttributeValue IS NOT NULL
    THEN
	BEGIN
		INSERT INTO EntityAttribute (EntityAttributeTypeID, KeyID, AttributeValue, ModifDate, CreatedDate)
        VALUES ($EntityAttributeTypeID, $KeyID, $AttributeValue, NOW(), NOW());
        
        SELECT 'Created';
	END;
	ELSEIF $CRUD = 'R' 
    THEN
	BEGIN
		SELECT e.EntityName, et.EntityTypeName, ea.AttributeValue, eat.Name, eat.Description, 'READ' as CRUD
		FROM Entities e
		JOIN EntityTypes et ON e.EntityTypeID = et.EntityTypeID
        LEFT JOIN Coordinates c ON e.EntityID = c.EntityID
		LEFT JOIN EntityAttribute ea ON ea.KeyID = c.CoordinateID
		LEFT JOIN EntityAttributeType eat ON ea.EntityAttributeTypeID = eat.EntityAttributeTypeID
        WHERE EntityAttributeID IS NOT NULL
        AND (ea.EntityAttributeID = $EntityAttributeID OR $EntityAttributeID IS NULL)
        AND (eat.EntityAttributeTypeID = $EntityAttributeTypeID OR $EntityAttributeTypeID IS NULL)
        AND (ea.KeyID = $KeyID OR $KeyID IS NULL)
        AND (ea.AttributeValue = $AttributeValue OR $AttributeValue IS NULL)
		ORDER BY et.EntityTypeID, e.EntityID, eat.EntityAttributeTypeID, ea.EntityAttributeID;
    END;
    ELSEIF $CRUD = 'U' AND $EntityAttributeTypeID IS NOT NULL AND $KeyID IS NOT NULL AND $AttributeValue IS NOT NULL 
    THEN
	BEGIN
		UPDATE EntityAttribute 
        SET EntityAttributeTypeID = $EntityAttributeTypeID, KeyID = $KeyID, AttributeValue = $AttributeValue, ModifDate = NOW()
        WHERE EntityAttributeID = $EntityAttributeID;
        
        SELECT 'Updated' as CRUD;
    END;
    ELSEIF $CRUD = 'D' AND $EntityAttributeID IS NOT NULL 
    THEN 
    BEGIN
		DELETE FROM EntityAttribute WHERE EntityAttributeID = $EntityAttributeID;
        
        SELECT 'Deleted' as CRUD;
    END;
    ELSE 
    BEGIN
		SELECT 'Implicit CRUD' as CRUD;
    END;
	END IF;
END ;;
DELIMITER ;
/*!50003 SET sql_mode              = @saved_sql_mode */ ;
/*!50003 SET character_set_client  = @saved_cs_client */ ;
/*!50003 SET character_set_results = @saved_cs_results */ ;
/*!50003 SET collation_connection  = @saved_col_connection */ ;
/*!50003 DROP PROCEDURE IF EXISTS `EntityAttributeTypeCRUD` */;
/*!50003 SET @saved_cs_client      = @@character_set_client */ ;
/*!50003 SET @saved_cs_results     = @@character_set_results */ ;
/*!50003 SET @saved_col_connection = @@collation_connection */ ;
/*!50003 SET character_set_client  = utf8 */ ;
/*!50003 SET character_set_results = utf8 */ ;
/*!50003 SET collation_connection  = utf8_general_ci */ ;
/*!50003 SET @saved_sql_mode       = @@sql_mode */ ;
/*!50003 SET sql_mode              = 'ONLY_FULL_GROUP_BY,STRICT_TRANS_TABLES,NO_ZERO_IN_DATE,NO_ZERO_DATE,ERROR_FOR_DIVISION_BY_ZERO,NO_ENGINE_SUBSTITUTION' */ ;
DELIMITER ;;
CREATE DEFINER=`root`@`localhost` PROCEDURE `EntityAttributeTypeCRUD`(
 IN $EntityAttributeTypeID int
, IN $Name varchar(50)
, IN $Description varchar(50)
, IN $CRUD varchar(1)
)
BEGIN
	IF $CRUD = 'C' AND $Name IS NOT NULL AND $Description IS NOT NULL
    THEN
	BEGIN
		INSERT INTO EntityAttributeType (Name, Description, ModifDate, CreatedDate)
        VALUES ($Name, $Description, NOW(), NOW());
        
        SELECT 'Create';
	END;
	ELSEIF $CRUD = 'R' 
    THEN
	BEGIN
		SELECT Name, Description
        FROM EntityAttributeType
		ORDER BY Name, Description;
    END;
    ELSEIF $CRUD = 'U' AND $EntityAttributeTypeID IS NOT NULL AND $Name IS NOT NULL AND $Description IS NOT NULL 
    THEN
	BEGIN
		UPDATE EntityAttributeType 
        SET Name = $Name, Description = $Description, ModifDate = NOW()
        WHERE EntityAttributeTypeID = $EntityAttributeTypeID;
        
        SELECT 'Updated' as CRUD;
    END;
    ELSEIF $CRUD = 'D' AND $EntityAttributeTypeID IS NOT NULL 
    THEN 
    BEGIN
		DELETE FROM EntityAttributeType WHERE EntityAttributeTypeID = $EntityAttributeTypeID;
        
        SELECT 'Deleted' as CRUD;
    END;
    ELSE 
    BEGIN
		SELECT 'Implicit CRUD' as CRUD;
    END;
	END IF;
END ;;
DELIMITER ;
/*!50003 SET sql_mode              = @saved_sql_mode */ ;
/*!50003 SET character_set_client  = @saved_cs_client */ ;
/*!50003 SET character_set_results = @saved_cs_results */ ;
/*!50003 SET collation_connection  = @saved_col_connection */ ;
/*!50003 DROP PROCEDURE IF EXISTS `EntityCRUD` */;
/*!50003 SET @saved_cs_client      = @@character_set_client */ ;
/*!50003 SET @saved_cs_results     = @@character_set_results */ ;
/*!50003 SET @saved_col_connection = @@collation_connection */ ;
/*!50003 SET character_set_client  = utf8 */ ;
/*!50003 SET character_set_results = utf8 */ ;
/*!50003 SET collation_connection  = utf8_general_ci */ ;
/*!50003 SET @saved_sql_mode       = @@sql_mode */ ;
/*!50003 SET sql_mode              = 'ONLY_FULL_GROUP_BY,STRICT_TRANS_TABLES,NO_ZERO_IN_DATE,NO_ZERO_DATE,ERROR_FOR_DIVISION_BY_ZERO,NO_ENGINE_SUBSTITUTION' */ ;
DELIMITER ;;
CREATE DEFINER=`root`@`localhost` PROCEDURE `EntityCRUD`(
IN $EntityID int
, IN $EntityName varchar(50)
, IN $EntityTypeID int
, IN $CRUD varchar(1)
)
BEGIN
	IF $CRUD = 'C' AND $EntityTypeID IS NOT NULL AND $EntityName IS NOT NULL 
    THEN
	BEGIN
		INSERT INTO Entities (EntityName, EntityTypeID, ModifDate, CreatedDate)
        VALUES ($EntityName, $EntityTypeID, NOW(), NOW());
        
        SELECT 'Create';
	END;
	ELSEIF $CRUD = 'R' 
    THEN
	BEGIN
		SELECT e.EntityID, e.EntityName, et.EntityTypeName, ea.AttributeValue, eat.Name, eat.Description, 'READ' as CRUD
		FROM Entities e
		JOIN EntityTypes et ON e.EntityTypeID = et.EntityTypeID
        LEFT JOIN Coordinates c ON e.EntityID = c.EntityID
		LEFT JOIN EntityAttribute ea ON ea.KeyID = c.CoordinateID
		LEFT JOIN EntityAttributeType eat ON ea.EntityAttributeTypeID = eat.EntityAttributeTypeID
        WHERE (e.EntityID = $EntityID OR $EntityID IS NULL)
        AND (e.EntityName = $EntityName OR $EntityName IS NULL)
        AND (et.EntityTypeID = $EntityTypeID OR $EntityTypeID IS NULL)
		ORDER BY et.EntityTypeID, e.EntityID, eat.EntityAttributeTypeID, ea.EntityAttributeID;
    END;
    ELSEIF $CRUD = 'U' AND $EntityID IS NOT NULL AND $EntityName IS NOT NULL AND $EntityTypeID IS NOT NULL 
    THEN
	BEGIN
		UPDATE Entities 
        SET EntityName = $EntityName, EntityTypeID = $EntityTypeID, ModifDate = NOW()
        WHERE EntityID = $EntityID;
        
        SELECT 'Updated' as CRUD;
    END;
    ELSEIF $CRUD = 'D' AND $EntityID IS NOT NULL 
    THEN 
    BEGIN
		DELETE FROM Entities WHERE EntityID = $EntityID;
        
        SELECT 'Deleted' as CRUD;
    END;
    ELSE 
    BEGIN
		SELECT 'Implicit CRUD' as CRUD;
    END;
	END IF;
END ;;
DELIMITER ;
/*!50003 SET sql_mode              = @saved_sql_mode */ ;
/*!50003 SET character_set_client  = @saved_cs_client */ ;
/*!50003 SET character_set_results = @saved_cs_results */ ;
/*!50003 SET collation_connection  = @saved_col_connection */ ;
/*!50003 DROP PROCEDURE IF EXISTS `EntityTypeCRUD` */;
/*!50003 SET @saved_cs_client      = @@character_set_client */ ;
/*!50003 SET @saved_cs_results     = @@character_set_results */ ;
/*!50003 SET @saved_col_connection = @@collation_connection */ ;
/*!50003 SET character_set_client  = utf8 */ ;
/*!50003 SET character_set_results = utf8 */ ;
/*!50003 SET collation_connection  = utf8_general_ci */ ;
/*!50003 SET @saved_sql_mode       = @@sql_mode */ ;
/*!50003 SET sql_mode              = 'ONLY_FULL_GROUP_BY,STRICT_TRANS_TABLES,NO_ZERO_IN_DATE,NO_ZERO_DATE,ERROR_FOR_DIVISION_BY_ZERO,NO_ENGINE_SUBSTITUTION' */ ;
DELIMITER ;;
CREATE DEFINER=`root`@`localhost` PROCEDURE `EntityTypeCRUD`(
 IN $EntityTypeID int
, IN $EntityTypeName varchar(50)
, IN $CRUD varchar(1)
)
BEGIN
	IF $CRUD = 'C' AND $EntityTypeName IS NOT NULL 
    THEN
	BEGIN
		INSERT INTO EntityTypes (EntityTypeName, ModifDate, CreatedDate)
        VALUES ($EntityTypeName, NOW(), NOW());
        
        SELECT 'Create';
	END;
	ELSEIF $CRUD = 'R' 
    THEN
	BEGIN
		SELECT EntityTypeID, EntityTypeName
        FROM EntityTypes
		ORDER BY EntityTypeID, EntityTypeName;
    END;
    ELSEIF $CRUD = 'U'  AND $EntityTypeName IS NOT NULL AND $EntityTypeID IS NOT NULL 
    THEN
	BEGIN
		UPDATE EntityTypes 
        SET EntityTypeName = $EntityTypeName, ModifDate = NOW()
        WHERE EntityTypeID = $EntityTypeID;
        
        SELECT 'Updated' as CRUD;
    END;
    ELSEIF $CRUD = 'D' AND $EntityTypeID IS NOT NULL 
    THEN 
    BEGIN
		DELETE FROM EntityTypes WHERE EntityTypeID = $EntityTypeID;
        
        SELECT 'Deleted' as CRUD;
    END;
    ELSE 
    BEGIN
		SELECT 'Implicit CRUD' as CRUD;
    END;
	END IF;
END ;;
DELIMITER ;
/*!50003 SET sql_mode              = @saved_sql_mode */ ;
/*!50003 SET character_set_client  = @saved_cs_client */ ;
/*!50003 SET character_set_results = @saved_cs_results */ ;
/*!50003 SET collation_connection  = @saved_col_connection */ ;
/*!50003 DROP PROCEDURE IF EXISTS `HelloWorld` */;
/*!50003 SET @saved_cs_client      = @@character_set_client */ ;
/*!50003 SET @saved_cs_results     = @@character_set_results */ ;
/*!50003 SET @saved_col_connection = @@collation_connection */ ;
/*!50003 SET character_set_client  = utf8mb4 */ ;
/*!50003 SET character_set_results = utf8mb4 */ ;
/*!50003 SET collation_connection  = utf8mb4_0900_ai_ci */ ;
/*!50003 SET @saved_sql_mode       = @@sql_mode */ ;
/*!50003 SET sql_mode              = 'ONLY_FULL_GROUP_BY,STRICT_TRANS_TABLES,NO_ZERO_IN_DATE,NO_ZERO_DATE,ERROR_FOR_DIVISION_BY_ZERO,NO_ENGINE_SUBSTITUTION' */ ;
DELIMITER ;;
CREATE DEFINER=`root`@`localhost` PROCEDURE `HelloWorld`()
BEGIN
   SELECT 'Aye Matey' as HW;
   END ;;
DELIMITER ;
/*!50003 SET sql_mode              = @saved_sql_mode */ ;
/*!50003 SET character_set_client  = @saved_cs_client */ ;
/*!50003 SET character_set_results = @saved_cs_results */ ;
/*!50003 SET collation_connection  = @saved_col_connection */ ;
/*!40103 SET TIME_ZONE=@OLD_TIME_ZONE */;

/*!40101 SET SQL_MODE=@OLD_SQL_MODE */;
/*!40014 SET FOREIGN_KEY_CHECKS=@OLD_FOREIGN_KEY_CHECKS */;
/*!40014 SET UNIQUE_CHECKS=@OLD_UNIQUE_CHECKS */;
/*!40101 SET CHARACTER_SET_CLIENT=@OLD_CHARACTER_SET_CLIENT */;
/*!40101 SET CHARACTER_SET_RESULTS=@OLD_CHARACTER_SET_RESULTS */;
/*!40101 SET COLLATION_CONNECTION=@OLD_COLLATION_CONNECTION */;
/*!40111 SET SQL_NOTES=@OLD_SQL_NOTES */;

-- Dump completed on 2019-10-27 18:48:24
